Countries,Year,GDP_Growth,EIU_Estimates
Australia,2019,2.160956,0.70
Australia,2018,2.949286,1.60
China,2019,5.949714,5.70
China,2018,6.749774,6.20
China,2017,6.947201,6.20
China,2016,6.848762,6.10
China,2015,7.041329,6.40
China,2014,7.425764,6.70
China,2013,7.76615,7.30
China,2012,7.863736,7.40
China,2011,9.550832,9.00
China,2010,10.63587,10.10
Japan,2019,0.270309,0.30
Japan,2018,0.323207,0.80
